ClientID,ClientName,Industry,Region,ContactInfo,ClientSegment
1,Lewis PLC,Retail,North,contact1@example.com,Corporate
2,Mark Hoover,Wholesale,West,contact2@example.com,Individual
3,Thompson-White,Services,South,contact3@example.com,Corporate
4,Jody Riley,Services,West,contact4@example.com,Individual
5,"Huerta, Myers and Gregory",Wholesale,South,contact5@example.com,Small Business
6,Marquez Ltd,Wholesale,North,contact6@example.com,Corporate
7,Castro-Brady,Retail,West,contact7@example.com,Corporate
8,"Bryan, Moore and Fleming",Services,West,contact8@example.com,Corporate
9,Hughes-Olsen,Services,West,contact9@example.com,Small Business
10,Angela Ferguson,Services,West,contact10@example.com,Individual
11,Hart-Bean,Wholesale,East,contact11@example.com,Corporate
12,Phillips-Wright,Retail,South,contact12@example.com,Corporate
13,Thompson-Ramirez,Services,West,contact13@example.com,Small Business
14,Benton-Marquez,Services,North,contact14@example.com,Small Business
15,Cheryl Sosa,Retail,West,contact15@example.com,Individual
16,Mejia-Miller,Wholesale,North,contact16@example.com,Small Business
17,Burke-Shaw,Wholesale,East,contact17@example.com,Small Business
18,Smith and Sons,Retail,West,contact18@example.com,Corporate
19,Elizabeth Navarro,Services,South,contact19@example.com,Individual
20,"Williams, Maddox and Jensen",Retail,East,contact20@example.com,Small Business
21,"Hopkins, Allen and Sanders",Retail,South,contact21@example.com,Corporate
22,Aaron Carpenter,Services,East,contact22@example.com,Individual
23,Benjamin-Barnes,Wholesale,West,contact23@example.com,Corporate
24,"Bell, Barnes and Mejia",Retail,North,contact24@example.com,Corporate
25,"Page, Green and Mullins",Services,East,contact25@example.com,Corporate
26,Ross-Clark,Services,East,contact26@example.com,Corporate
27,"Mcclain, Hurst and Hernandez",Wholesale,North,contact27@example.com,Small Business
28,"Stark, Valdez and Roman",Wholesale,East,contact28@example.com,Corporate
29,"Gates, Jones and Hall",Wholesale,West,contact29@example.com,Corporate
30,Andrew Garcia,Services,North,contact30@example.com,Individual
31,Santos-Gonzalez,Retail,North,contact31@example.com,Corporate
32,Santana PLC,Wholesale,South,contact32@example.com,Corporate
33,Jones-Cunningham,Services,East,contact33@example.com,Small Business
34,Vincent Wilson,Services,West,contact34@example.com,Individual
35,Cruz PLC,Services,South,contact35@example.com,Small Business
36,"Martin, Santiago and Smith",Wholesale,North,contact36@example.com,Small Business
37,Joseph Jackson,Services,North,contact37@example.com,Individual
38,Davidson and Sons,Services,East,contact38@example.com,Corporate
39,Chambers Group,Wholesale,West,contact39@example.com,Corporate
40,"Kelley, Ortega and Armstrong",Retail,West,contact40@example.com,Corporate
41,Stafford-Humphrey,Retail,West,contact41@example.com,Small Business
42,Miller and Sons,Wholesale,North,contact42@example.com,Small Business
43,Spencer and Sons,Wholesale,East,contact43@example.com,Small Business
44,Vasquez-Hill,Retail,East,contact44@example.com,Corporate
45,"Jones, Williams and Walter",Wholesale,East,contact45@example.com,Small Business
46,Scott-Andrews,Retail,West,contact46@example.com,Small Business
47,Olson Ltd,Services,East,contact47@example.com,Corporate
48,"Santiago, Alexander and Larson",Retail,West,contact48@example.com,Corporate
49,"Avery, Jackson and Anderson",Retail,North,contact49@example.com,Corporate
50,Haley Torres,Wholesale,West,contact50@example.com,Individual
51,Escobar-Lang,Services,South,contact51@example.com,Small Business
52,Bonnie Peterson,Retail,West,contact52@example.com,Individual
53,Baker Group,Services,East,contact53@example.com,Small Business
54,Christy Frazier,Wholesale,East,contact54@example.com,Individual
55,Davis Inc,Wholesale,North,contact55@example.com,Small Business
56,Charles Ramirez,Retail,North,contact56@example.com,Individual
57,"Lucas, Ward and Horton",Retail,South,contact57@example.com,Corporate
58,"Warner, Pearson and Nelson",Services,West,contact58@example.com,Small Business
59,Meghan Martin,Wholesale,West,contact59@example.com,Individual
60,Deleon Ltd,Retail,South,contact60@example.com,Small Business
61,Alice Ramos,Services,East,contact61@example.com,Individual
62,Woods-Powers,Retail,West,contact62@example.com,Small Business
63,"Craig, Tran and James",Retail,South,contact63@example.com,Corporate
64,Stephanie Higgins,Retail,West,contact64@example.com,Individual
65,Dillon Bryan,Services,East,contact65@example.com,Individual
66,James Weber,Retail,South,contact66@example.com,Individual
67,Smith-Thomas,Services,East,contact67@example.com,Small Business
68,"Mercer, Keller and Coleman",Retail,North,contact68@example.com,Small Business
69,Glen Hall,Services,North,contact69@example.com,Individual
70,Jack Roberts,Retail,East,contact70@example.com,Individual
71,Garcia LLC,Retail,East,contact71@example.com,Small Business
72,"Lewis, Stevens and Austin",Retail,East,contact72@example.com,Small Business
73,Estes Ltd,Wholesale,West,contact73@example.com,Small Business
74,Holmes-Petersen,Retail,East,contact74@example.com,Small Business
75,Gomez-Davies,Services,East,contact75@example.com,Corporate
76,Sara Choi,Retail,North,contact76@example.com,Individual
77,Thompson Group,Services,East,contact77@example.com,Corporate
78,Watkins-Russell,Retail,East,contact78@example.com,Corporate
79,"Murray, Holt and Deleon",Retail,West,contact79@example.com,Small Business
80,Krueger PLC,Wholesale,East,contact80@example.com,Small Business
81,Hayes PLC,Services,South,contact81@example.com,Corporate
82,"Good, Roth and Wells",Wholesale,East,contact82@example.com,Corporate
83,"Bruce, Boyd and Koch",Services,East,contact83@example.com,Corporate
84,"Benjamin, Black and Berger",Services,West,contact84@example.com,Corporate
85,Villarreal-Graham,Services,North,contact85@example.com,Corporate
86,Daniel Wells,Services,West,contact86@example.com,Individual
87,Robert Sanders,Services,South,contact87@example.com,Individual
88,Shawn Rowe,Wholesale,West,contact88@example.com,Individual
89,"Gonzalez, Stephens and Owens",Services,East,contact89@example.com,Corporate
90,Jennifer Salazar,Retail,North,contact90@example.com,Individual
91,Hopkins-Strickland,Wholesale,South,contact91@example.com,Corporate
92,Teresa Bullock,Wholesale,West,contact92@example.com,Individual
93,Mendez Ltd,Services,North,contact93@example.com,Small Business
94,Chapman-Page,Retail,North,contact94@example.com,Corporate
95,Watkins PLC,Wholesale,West,contact95@example.com,Corporate
96,Burns Group,Services,West,contact96@example.com,Small Business
97,Erica Marquez,Services,North,contact97@example.com,Individual
98,"Gonzales, Parker and Decker",Retail,North,contact98@example.com,Corporate
99,King-Mendoza,Wholesale,East,contact99@example.com,Corporate
100,"Martinez, Ray and Watson",Retail,West,contact100@example.com,Corporate
101,Graves Inc,Wholesale,North,contact101@example.com,Small Business
102,Ruben Wright,Retail,West,contact102@example.com,Individual
103,Smith Ltd,Retail,South,contact103@example.com,Small Business
104,Miller Ltd,Wholesale,North,contact104@example.com,Small Business
105,"Davis, Garcia and Chavez",Wholesale,North,contact105@example.com,Corporate
106,Charles-Mann,Retail,East,contact106@example.com,Corporate
107,Stephenson-Adams,Retail,West,contact107@example.com,Small Business
108,Gonzalez-Harrell,Wholesale,North,contact108@example.com,Small Business
109,"Roy, Odom and Morris",Wholesale,North,contact109@example.com,Corporate
110,Miles-Kelly,Wholesale,West,contact110@example.com,Small Business
111,Lee-Bailey,Retail,North,contact111@example.com,Small Business
112,Cruz Inc,Wholesale,North,contact112@example.com,Corporate
113,Vargas-Wolfe,Wholesale,West,contact113@example.com,Corporate
114,Julie Wood,Services,East,contact114@example.com,Individual
115,Dawn Anderson,Retail,North,contact115@example.com,Individual
116,"Howard, Smith and Mercer",Retail,West,contact116@example.com,Small Business
117,Willie Mcgee,Wholesale,West,contact117@example.com,Individual
118,"Martinez, Gordon and Jones",Retail,East,contact118@example.com,Corporate
119,Warren Inc,Services,East,contact119@example.com,Small Business
120,Brown Ltd,Services,East,contact120@example.com,Small Business
121,"Hughes, Jones and Campbell",Services,South,contact121@example.com,Small Business
122,Scott LLC,Retail,West,contact122@example.com,Small Business
123,Hampton-Medina,Services,West,contact123@example.com,Small Business
124,Davis Ltd,Services,West,contact124@example.com,Small Business
125,John Montgomery,Services,South,contact125@example.com,Individual
126,"Greene, Huber and Rodriguez",Wholesale,South,contact126@example.com,Small Business
127,Hayes-Carter,Retail,North,contact127@example.com,Corporate
128,Tamara Wilson,Wholesale,North,contact128@example.com,Individual
129,"Schroeder, Gray and Cohen",Wholesale,West,contact129@example.com,Corporate
130,Nash-Smith,Services,East,contact130@example.com,Corporate
131,Amber Perkins,Wholesale,West,contact131@example.com,Individual
132,Brewer-Griffith,Services,North,contact132@example.com,Small Business
133,White and Sons,Wholesale,North,contact133@example.com,Small Business
134,Mitchell-Thompson,Wholesale,South,contact134@example.com,Small Business
135,John Villa,Wholesale,East,contact135@example.com,Individual
136,"Carter, Allison and Brown",Wholesale,North,contact136@example.com,Small Business
137,Ferrell-Lee,Wholesale,East,contact137@example.com,Corporate
138,Nicholas Gibson,Services,West,contact138@example.com,Individual
139,Mitchell LLC,Wholesale,East,contact139@example.com,Small Business
140,Candace Vaughn,Retail,South,contact140@example.com,Individual
141,Garcia and Sons,Services,South,contact141@example.com,Corporate
142,Michelle Flowers,Services,North,contact142@example.com,Individual
143,Smith-Nunez,Wholesale,South,contact143@example.com,Corporate
144,Gregory Chambers,Services,North,contact144@example.com,Individual
145,John Chapman,Retail,East,contact145@example.com,Individual
146,Thomas Mclean,Wholesale,South,contact146@example.com,Individual
147,Garcia Inc,Retail,East,contact147@example.com,Corporate
148,Mullen-Cook,Retail,South,contact148@example.com,Corporate
149,Cassandra Robinson,Retail,North,contact149@example.com,Individual
150,Briana Hunter,Wholesale,North,contact150@example.com,Individual
151,"Carpenter, Carpenter and Barr",Services,East,contact151@example.com,Corporate
152,William Morris,Wholesale,North,contact152@example.com,Individual
153,"Torres, Pugh and Armstrong",Wholesale,South,contact153@example.com,Small Business
154,Anderson LLC,Services,North,contact154@example.com,Corporate
155,"Diaz, Erickson and Bass",Services,West,contact155@example.com,Small Business
156,"Salazar, Crawford and Fernandez",Services,North,contact156@example.com,Corporate
157,"Higgins, Bradshaw and Hale",Services,North,contact157@example.com,Small Business
158,"Wilson, Snyder and Beck",Services,East,contact158@example.com,Small Business
159,James and Sons,Services,South,contact159@example.com,Small Business
160,"Baker, Jones and Ryan",Wholesale,South,contact160@example.com,Small Business
161,Phillips Ltd,Services,West,contact161@example.com,Corporate
162,Sims PLC,Services,East,contact162@example.com,Small Business
163,Tina Davis,Retail,East,contact163@example.com,Individual
164,Gray and Sons,Wholesale,South,contact164@example.com,Small Business
165,"Frey, Klein and Harris",Wholesale,East,contact165@example.com,Corporate
166,Johnson Group,Wholesale,North,contact166@example.com,Corporate
167,"Mason, Strickland and Williams",Wholesale,West,contact167@example.com,Small Business
168,Douglas Guerrero,Wholesale,West,contact168@example.com,Individual
169,Miller-Allen,Wholesale,East,contact169@example.com,Small Business
170,Kyle King,Wholesale,North,contact170@example.com,Individual
171,Rowe Ltd,Wholesale,South,contact171@example.com,Corporate
172,"West, Turner and Hicks",Wholesale,South,contact172@example.com,Corporate
173,"Rodgers, Berg and Schultz",Services,East,contact173@example.com,Small Business
174,Reyes Inc,Wholesale,North,contact174@example.com,Corporate
175,Steven Oliver,Wholesale,South,contact175@example.com,Individual
176,Anna Davis,Services,East,contact176@example.com,Individual
177,Ross-White,Wholesale,West,contact177@example.com,Corporate
178,Torres Inc,Retail,South,contact178@example.com,Small Business
179,Mcdonald-Dunn,Wholesale,West,contact179@example.com,Corporate
180,"Vasquez, Roth and Sutton",Services,West,contact180@example.com,Corporate
181,Matthew Carter,Retail,East,contact181@example.com,Individual
182,"Watson, Oliver and Gonzalez",Wholesale,West,contact182@example.com,Corporate
183,"Gonzalez, Brown and Jackson",Retail,South,contact183@example.com,Small Business
184,James Jones,Services,West,contact184@example.com,Individual
185,"Wilson, Novak and Williams",Services,East,contact185@example.com,Corporate
186,"Coleman, May and Hayden",Wholesale,East,contact186@example.com,Corporate
187,Mary Johnson,Services,West,contact187@example.com,Individual
188,Simpson Inc,Wholesale,East,contact188@example.com,Corporate
189,Jenkins-Mack,Services,East,contact189@example.com,Small Business
190,Laura Martinez,Services,West,contact190@example.com,Individual
191,Jordan Cruz,Wholesale,North,contact191@example.com,Individual
192,Morgan-Blackburn,Retail,East,contact192@example.com,Small Business
193,"Shaffer, Walker and Davis",Services,South,contact193@example.com,Corporate
194,Dixon and Sons,Retail,East,contact194@example.com,Small Business
195,Reynolds-Foster,Services,South,contact195@example.com,Corporate
196,Stephanie Zuniga,Services,South,contact196@example.com,Individual
197,Gallagher-Lewis,Wholesale,East,contact197@example.com,Small Business
198,Walker and Sons,Wholesale,West,contact198@example.com,Small Business
199,Pierce Group,Wholesale,South,contact199@example.com,Corporate
200,"Crawford, Hughes and Sims",Retail,East,contact200@example.com,Small Business
201,Fred Lee,Retail,North,contact201@example.com,Individual
202,"Mcintosh, Cummings and Malone",Wholesale,North,contact202@example.com,Corporate
203,Young Group,Wholesale,South,contact203@example.com,Small Business
204,"Rogers, Gonzalez and Lopez",Retail,West,contact204@example.com,Corporate
205,Pearson-Gray,Wholesale,East,contact205@example.com,Corporate
206,Cooper-Hoffman,Retail,South,contact206@example.com,Corporate
207,Timothy Johnson,Services,East,contact207@example.com,Individual
208,Steve Williams,Wholesale,West,contact208@example.com,Individual
209,Monica Garrett,Retail,North,contact209@example.com,Individual
210,Anderson PLC,Services,South,contact210@example.com,Corporate
211,Jones-Mccann,Retail,North,contact211@example.com,Small Business
212,David Lopez,Wholesale,West,contact212@example.com,Individual
213,Brooke Santos,Services,North,contact213@example.com,Individual
214,Smith-Hartman,Wholesale,East,contact214@example.com,Small Business
215,Ray-Daniel,Wholesale,South,contact215@example.com,Corporate
216,Mary Donaldson,Services,East,contact216@example.com,Individual
217,Little Ltd,Retail,North,contact217@example.com,Small Business
218,Nicholas Wall,Wholesale,North,contact218@example.com,Individual
219,Hart PLC,Retail,South,contact219@example.com,Corporate
220,"Smith, Cervantes and Moore",Retail,West,contact220@example.com,Corporate
221,Smith and Sons,Wholesale,North,contact221@example.com,Small Business
222,Gomez-Lindsey,Retail,East,contact222@example.com,Corporate
223,Hudson-Osborne,Wholesale,North,contact223@example.com,Small Business
224,Patrick Woods,Retail,East,contact224@example.com,Individual
225,Brandon Mcdaniel,Wholesale,South,contact225@example.com,Individual
226,Nguyen Group,Services,East,contact226@example.com,Corporate
227,Smith-Brown,Services,North,contact227@example.com,Corporate
228,"Mitchell, Sparks and Sellers",Retail,West,contact228@example.com,Small Business
229,Amanda Small,Wholesale,South,contact229@example.com,Individual
230,"Bauer, Saunders and Smith",Retail,East,contact230@example.com,Small Business
231,Debra Barnes,Wholesale,West,contact231@example.com,Individual
232,Charles Hall,Services,South,contact232@example.com,Individual
233,"Charles, Hayes and Coleman",Retail,East,contact233@example.com,Corporate
234,"Price, Gross and Stone",Wholesale,North,contact234@example.com,Corporate
235,Trujillo-Wade,Wholesale,East,contact235@example.com,Small Business
236,Harrison-Peterson,Services,West,contact236@example.com,Corporate
237,Kelley-Gray,Services,South,contact237@example.com,Small Business
238,Stark-Perez,Wholesale,North,contact238@example.com,Corporate
239,"Reeves, Webb and Hunter",Retail,North,contact239@example.com,Corporate
240,Bowman-King,Services,East,contact240@example.com,Small Business
241,Adams PLC,Retail,North,contact241@example.com,Corporate
242,"Ryan, Hamilton and Walter",Services,West,contact242@example.com,Corporate
243,"Gay, Thomas and Williamson",Retail,East,contact243@example.com,Corporate
244,Christian Hart,Wholesale,South,contact244@example.com,Individual
245,"Mccann, Miller and Trevino",Wholesale,East,contact245@example.com,Corporate
246,Velasquez-Fry,Wholesale,West,contact246@example.com,Corporate
247,Poole-Wilson,Wholesale,South,contact247@example.com,Corporate
248,Kline and Sons,Services,West,contact248@example.com,Small Business
249,"Mcconnell, Gonzalez and Anderson",Wholesale,North,contact249@example.com,Corporate
250,Bruce Wright,Wholesale,North,contact250@example.com,Individual
251,Thompson-Church,Retail,West,contact251@example.com,Small Business
252,"Phillips, Duncan and Brewer",Wholesale,West,contact252@example.com,Corporate
253,Bradley Cunningham,Wholesale,West,contact253@example.com,Individual
254,Parsons Group,Retail,East,contact254@example.com,Small Business
255,Tran and Sons,Services,West,contact255@example.com,Small Business
256,"Rogers, Macias and Gay",Wholesale,West,contact256@example.com,Small Business
257,Wiley-Watson,Wholesale,East,contact257@example.com,Small Business
258,Nicholson-Rodgers,Retail,West,contact258@example.com,Corporate
259,"Cox, James and Smith",Wholesale,East,contact259@example.com,Corporate
260,Gregory Stewart,Wholesale,South,contact260@example.com,Individual
261,Maria Watkins,Wholesale,North,contact261@example.com,Individual
262,Craig Clark,Wholesale,East,contact262@example.com,Individual
263,Harris Inc,Services,East,contact263@example.com,Small Business
264,Brooks and Sons,Wholesale,East,contact264@example.com,Corporate
265,Kelley-Fisher,Services,North,contact265@example.com,Corporate
266,Peck PLC,Wholesale,North,contact266@example.com,Small Business
267,Davis Ltd,Wholesale,East,contact267@example.com,Corporate
268,Kristen Hall,Services,East,contact268@example.com,Individual
269,Brian Peters,Retail,West,contact269@example.com,Individual
270,Morrow-Parks,Wholesale,West,contact270@example.com,Corporate
271,Terry Lopez,Retail,North,contact271@example.com,Individual
272,Andrea Proctor,Wholesale,North,contact272@example.com,Individual
273,David Cole,Retail,North,contact273@example.com,Individual
274,Quinn-Walker,Wholesale,North,contact274@example.com,Corporate
275,Brown-Potter,Retail,East,contact275@example.com,Corporate
276,"Esparza, Cole and Mitchell",Wholesale,West,contact276@example.com,Small Business
277,Joyce and Sons,Retail,East,contact277@example.com,Corporate
278,Jeremy Carr,Retail,North,contact278@example.com,Individual
279,Robinson-Potter,Services,East,contact279@example.com,Small Business
280,Smith Group,Services,West,contact280@example.com,Small Business
281,"Brennan, Atkins and Hinton",Wholesale,West,contact281@example.com,Small Business
282,Price-Burch,Retail,East,contact282@example.com,Small Business
283,Roberts-Jordan,Retail,East,contact283@example.com,Corporate
284,Molly Jackson,Retail,North,contact284@example.com,Individual
285,Flores Group,Services,North,contact285@example.com,Small Business
286,Daniel Morris,Retail,East,contact286@example.com,Individual
287,"Wise, Graves and Dickerson",Wholesale,South,contact287@example.com,Small Business
288,Jacob Ramirez,Retail,West,contact288@example.com,Individual
289,Ashley Ellis,Services,East,contact289@example.com,Individual
290,Dixon Inc,Retail,East,contact290@example.com,Corporate
291,Allen and Sons,Retail,South,contact291@example.com,Corporate
292,Blanchard-Miller,Retail,East,contact292@example.com,Small Business
293,Robinson Inc,Retail,West,contact293@example.com,Small Business
294,Wallace LLC,Wholesale,South,contact294@example.com,Corporate
295,"Richardson, Hall and Marshall",Wholesale,North,contact295@example.com,Small Business
296,Bryant Ltd,Retail,South,contact296@example.com,Corporate
297,Bryant-Dillon,Retail,South,contact297@example.com,Small Business
298,Taylor Group,Wholesale,South,contact298@example.com,Small Business
299,Melissa Rhodes,Services,South,contact299@example.com,Individual
300,Rogers and Sons,Wholesale,North,contact300@example.com,Corporate
301,"Larsen, Navarro and Martin",Retail,West,contact301@example.com,Small Business
302,Johnson-Buckley,Retail,South,contact302@example.com,Small Business
303,Lopez PLC,Wholesale,South,contact303@example.com,Corporate
304,Combs-Luna,Services,South,contact304@example.com,Corporate
305,Tyler Pittman,Services,South,contact305@example.com,Individual
306,"Rocha, Salinas and Flores",Retail,North,contact306@example.com,Corporate
307,April Henderson,Retail,South,contact307@example.com,Individual
308,Mark Lopez,Retail,South,contact308@example.com,Individual
309,"Wolfe, Anderson and Sharp",Wholesale,South,contact309@example.com,Corporate
310,"Brown, Stein and Navarro",Wholesale,South,contact310@example.com,Small Business
311,Cummings Group,Services,East,contact311@example.com,Small Business
312,Sanders-Foster,Retail,South,contact312@example.com,Corporate
313,Jeff Brewer,Services,South,contact313@example.com,Individual
314,Lewis-Vasquez,Wholesale,North,contact314@example.com,Small Business
315,Matthew Wheeler,Retail,North,contact315@example.com,Individual
316,Wood Group,Services,East,contact316@example.com,Corporate
317,Stokes Inc,Retail,East,contact317@example.com,Corporate
318,Pamela Fritz,Retail,West,contact318@example.com,Individual
319,"Brooks, Diaz and Long",Retail,North,contact319@example.com,Corporate
320,Taylor-Bradford,Services,West,contact320@example.com,Small Business
321,Stephen Mckenzie,Retail,North,contact321@example.com,Individual
322,Taylor Finley,Services,North,contact322@example.com,Individual
323,"Wilson, Carter and Little",Services,West,contact323@example.com,Small Business
324,Kaufman Inc,Services,West,contact324@example.com,Small Business
325,Morales PLC,Wholesale,South,contact325@example.com,Corporate
326,Amber Walters,Wholesale,North,contact326@example.com,Individual
327,Khan-Page,Services,North,contact327@example.com,Corporate
328,Tony Sullivan,Retail,South,contact328@example.com,Individual
329,Browning-Brooks,Retail,South,contact329@example.com,Corporate
330,Jacobs-Valencia,Wholesale,East,contact330@example.com,Small Business
331,Murray Group,Wholesale,North,contact331@example.com,Small Business
332,Allen-Krueger,Services,West,contact332@example.com,Corporate
333,Shelley Taylor,Wholesale,West,contact333@example.com,Individual
334,Winters-Davis,Services,East,contact334@example.com,Corporate
335,Mason and Sons,Retail,South,contact335@example.com,Small Business
336,Tiffany Hall,Wholesale,South,contact336@example.com,Individual
337,Wright Ltd,Wholesale,South,contact337@example.com,Corporate
338,Nielsen Ltd,Wholesale,South,contact338@example.com,Small Business
339,Price PLC,Services,North,contact339@example.com,Small Business
340,Moore LLC,Services,East,contact340@example.com,Small Business
341,William Mueller,Retail,South,contact341@example.com,Individual
342,Stone and Sons,Retail,East,contact342@example.com,Corporate
343,Singleton PLC,Services,West,contact343@example.com,Small Business
344,Walton LLC,Retail,East,contact344@example.com,Small Business
345,King and Sons,Wholesale,East,contact345@example.com,Corporate
346,Padilla Ltd,Retail,South,contact346@example.com,Corporate
347,"Morgan, Cross and Bullock",Services,North,contact347@example.com,Corporate
348,Samantha Reese,Retail,North,contact348@example.com,Individual
349,Chris Morris,Retail,North,contact349@example.com,Individual
350,Gerald Brown,Retail,West,contact350@example.com,Individual
351,Calvin Koch,Wholesale,North,contact351@example.com,Individual
352,Kara Davis,Services,West,contact352@example.com,Individual
353,Castillo-Ochoa,Wholesale,East,contact353@example.com,Corporate
354,Bryant-Moody,Wholesale,East,contact354@example.com,Corporate
355,Kenneth Crawford,Services,North,contact355@example.com,Individual
356,Clark-Fields,Wholesale,West,contact356@example.com,Corporate
357,"Barnes, Hill and Rose",Wholesale,South,contact357@example.com,Small Business
358,Orozco-Macias,Services,East,contact358@example.com,Small Business
359,Martinez LLC,Retail,West,contact359@example.com,Small Business
360,King-Marks,Services,North,contact360@example.com,Small Business
361,Higgins-Simpson,Retail,West,contact361@example.com,Small Business
362,Kimberly Brooks,Retail,West,contact362@example.com,Individual
363,Morgan Mitchell,Wholesale,North,contact363@example.com,Individual
364,White Inc,Retail,North,contact364@example.com,Small Business
365,Johnny Carr,Wholesale,North,contact365@example.com,Individual
366,"Solomon, Mendoza and Reynolds",Services,South,contact366@example.com,Small Business
367,"Moss, Coleman and Wright",Retail,South,contact367@example.com,Corporate
368,Robert Carlson,Retail,North,contact368@example.com,Individual
369,"Rice, Medina and Rice",Retail,East,contact369@example.com,Corporate
370,Williams PLC,Retail,West,contact370@example.com,Small Business
371,Fischer and Sons,Retail,East,contact371@example.com,Corporate
372,Mitchell Ltd,Retail,South,contact372@example.com,Corporate
373,Karen Santiago,Retail,West,contact373@example.com,Individual
374,Floyd PLC,Wholesale,South,contact374@example.com,Corporate
375,Karla Griffin,Wholesale,West,contact375@example.com,Individual
376,Quinn Ltd,Services,North,contact376@example.com,Corporate
377,Calvin Ho,Services,West,contact377@example.com,Individual
378,Cindy Yang,Retail,North,contact378@example.com,Individual
379,Solomon Inc,Retail,West,contact379@example.com,Small Business
380,Michelle Miller,Services,East,contact380@example.com,Individual
381,Franklin-Wells,Wholesale,West,contact381@example.com,Small Business
382,Brown-Tran,Retail,West,contact382@example.com,Corporate
383,Soto-Williams,Services,North,contact383@example.com,Corporate
384,Phillips PLC,Retail,South,contact384@example.com,Small Business
385,Melody Weaver,Wholesale,South,contact385@example.com,Individual
386,"Adams, Warner and Fuller",Wholesale,North,contact386@example.com,Corporate
387,Mahoney-Moody,Retail,West,contact387@example.com,Corporate
388,Smith Inc,Services,North,contact388@example.com,Small Business
389,"Davis, Mckenzie and Sims",Services,North,contact389@example.com,Corporate
390,Wilson-Jones,Wholesale,North,contact390@example.com,Small Business
391,Cole Turner,Services,North,contact391@example.com,Individual
392,"Moore, Sanchez and Murphy",Wholesale,South,contact392@example.com,Small Business
393,"Melton, Caldwell and Lewis",Wholesale,South,contact393@example.com,Small Business
394,Reynolds Ltd,Retail,West,contact394@example.com,Corporate
395,"Conley, Perez and Lara",Retail,East,contact395@example.com,Corporate
396,Nicole Stephens,Services,North,contact396@example.com,Individual
397,Taylor-Carlson,Services,South,contact397@example.com,Small Business
398,Erin Blair,Wholesale,East,contact398@example.com,Individual
399,Luna Group,Wholesale,East,contact399@example.com,Small Business
400,Mueller LLC,Services,North,contact400@example.com,Small Business
401,Rivera Group,Wholesale,North,contact401@example.com,Corporate
402,Howell LLC,Wholesale,East,contact402@example.com,Small Business
403,"Carr, Andrade and Cruz",Retail,West,contact403@example.com,Small Business
404,Brown Group,Wholesale,North,contact404@example.com,Corporate
405,Linda Lee,Wholesale,East,contact405@example.com,Individual
406,Felicia Fisher,Services,South,contact406@example.com,Individual
407,Benjamin-Dawson,Wholesale,North,contact407@example.com,Small Business
408,Martinez-Hahn,Retail,East,contact408@example.com,Small Business
409,"Nichols, Baker and Miller",Wholesale,North,contact409@example.com,Corporate
410,Gentry-Jones,Services,East,contact410@example.com,Corporate
411,Ortiz and Sons,Wholesale,North,contact411@example.com,Small Business
412,Kristen Williams,Wholesale,North,contact412@example.com,Individual
413,"Yang, Howard and Torres",Retail,North,contact413@example.com,Corporate
414,Robert Rodriguez,Retail,West,contact414@example.com,Individual
415,"Knox, Potter and Williams",Services,South,contact415@example.com,Corporate
416,"Williamson, Rogers and Chapman",Services,South,contact416@example.com,Small Business
417,Tracy Fernandez,Retail,South,contact417@example.com,Individual
418,Cox PLC,Wholesale,West,contact418@example.com,Corporate
419,"Lee, Valencia and Newman",Wholesale,East,contact419@example.com,Small Business
420,Gregory Tyler,Retail,North,contact420@example.com,Individual
421,Oconnor Inc,Retail,West,contact421@example.com,Small Business
422,Rose Group,Retail,North,contact422@example.com,Corporate
423,Nicole Baker,Retail,East,contact423@example.com,Individual
424,Franklin-Richards,Retail,East,contact424@example.com,Small Business
425,Rose LLC,Retail,East,contact425@example.com,Corporate
426,Best Inc,Services,East,contact426@example.com,Small Business
427,Barker-Stuart,Retail,East,contact427@example.com,Small Business
428,Sparks-Dorsey,Wholesale,West,contact428@example.com,Corporate
429,Holly Rogers,Wholesale,North,contact429@example.com,Individual
430,Rhodes LLC,Wholesale,North,contact430@example.com,Corporate
431,"Hicks, Stevens and Blevins",Retail,West,contact431@example.com,Corporate
432,"Browning, Rodgers and Taylor",Services,East,contact432@example.com,Small Business
433,Sara Sullivan,Retail,West,contact433@example.com,Individual
434,Taylor-Velasquez,Wholesale,North,contact434@example.com,Small Business
435,"Watkins, Baker and Wilson",Services,East,contact435@example.com,Corporate
436,"Thompson, Johnson and Thompson",Services,West,contact436@example.com,Corporate
437,"Peterson, Carter and King",Wholesale,South,contact437@example.com,Small Business
438,"Armstrong, Paul and Manning",Retail,South,contact438@example.com,Small Business
439,Moore Inc,Wholesale,North,contact439@example.com,Small Business
440,Peck Ltd,Services,South,contact440@example.com,Corporate
441,Graham Inc,Wholesale,West,contact441@example.com,Small Business
442,Patterson-Cowan,Wholesale,West,contact442@example.com,Corporate
443,"Gonzales, Jarvis and Gardner",Retail,South,contact443@example.com,Corporate
444,Matthews-Saunders,Services,South,contact444@example.com,Corporate
445,"Anthony, Cooley and Adams",Services,West,contact445@example.com,Small Business
446,Krueger LLC,Services,East,contact446@example.com,Corporate
447,Amanda Lloyd,Services,West,contact447@example.com,Individual
448,Wilson-Guzman,Retail,North,contact448@example.com,Small Business
449,White Group,Services,West,contact449@example.com,Small Business
450,Perez PLC,Services,East,contact450@example.com,Small Business
451,King-Clements,Wholesale,North,contact451@example.com,Small Business
452,Todd Nguyen,Services,East,contact452@example.com,Individual
453,Henry-Johnson,Retail,West,contact453@example.com,Corporate
454,Moss-Lynn,Services,West,contact454@example.com,Corporate
455,Joshua Powers,Services,East,contact455@example.com,Individual
456,Henderson Group,Retail,North,contact456@example.com,Small Business
457,Hammond Inc,Wholesale,South,contact457@example.com,Small Business
458,"King, West and Walsh",Services,East,contact458@example.com,Small Business
459,Robert Ford,Wholesale,South,contact459@example.com,Individual
460,"Jimenez, Hernandez and Fletcher",Services,West,contact460@example.com,Small Business
461,Lane-Goodwin,Retail,East,contact461@example.com,Small Business
462,Jessica Pena,Wholesale,West,contact462@example.com,Individual
463,Ronald Brown,Retail,West,contact463@example.com,Individual
464,"Jones, Sims and Lewis",Wholesale,South,contact464@example.com,Small Business
465,Wilson Ltd,Wholesale,East,contact465@example.com,Corporate
466,"Miller, Davila and Fields",Wholesale,North,contact466@example.com,Small Business
467,Castillo-Case,Retail,South,contact467@example.com,Small Business
468,Henderson LLC,Retail,West,contact468@example.com,Small Business
469,"Houston, Bailey and Scott",Services,East,contact469@example.com,Small Business
470,Nicholas Guerrero,Services,South,contact470@example.com,Individual
471,Jessica Walsh,Wholesale,West,contact471@example.com,Individual
472,"Williams, Decker and Olson",Wholesale,North,contact472@example.com,Small Business
473,Bates-Jones,Retail,East,contact473@example.com,Small Business
474,Jordan Bowman,Retail,West,contact474@example.com,Individual
475,"Sherman, Smith and Castro",Services,South,contact475@example.com,Corporate
476,"Lynch, French and Martinez",Retail,East,contact476@example.com,Small Business
477,"Stephens, Gregory and Ortiz",Retail,East,contact477@example.com,Corporate
478,Robbins Group,Services,West,contact478@example.com,Small Business
479,Thompson PLC,Retail,South,contact479@example.com,Small Business
480,"Zimmerman, Jones and Hendrix",Wholesale,South,contact480@example.com,Small Business
481,Diaz-Schneider,Services,South,contact481@example.com,Corporate
482,Ashley Harris,Wholesale,North,contact482@example.com,Individual
483,Christopher Castillo,Wholesale,East,contact483@example.com,Individual
484,Alexander Maxwell,Services,South,contact484@example.com,Individual
485,Castro-Hill,Retail,West,contact485@example.com,Corporate
486,Fuller-Garcia,Services,South,contact486@example.com,Small Business
487,Michele Lewis,Retail,East,contact487@example.com,Individual
488,Brandy Cook,Services,West,contact488@example.com,Individual
489,Jeremy Graham,Services,West,contact489@example.com,Individual
490,Jennifer Craig,Wholesale,East,contact490@example.com,Individual
491,Johnson LLC,Wholesale,North,contact491@example.com,Corporate
492,Courtney Barnes,Wholesale,North,contact492@example.com,Individual
493,Myers PLC,Services,South,contact493@example.com,Corporate
494,"Patel, Richard and Howard",Wholesale,South,contact494@example.com,Corporate
495,"Evans, Bailey and Ross",Services,South,contact495@example.com,Small Business
496,Bennett-Martin,Services,West,contact496@example.com,Corporate
497,Proctor-Graves,Services,East,contact497@example.com,Corporate
498,Jill Caldwell,Services,West,contact498@example.com,Individual
499,"Jones, Martin and Smith",Wholesale,North,contact499@example.com,Small Business
500,"Delacruz, Levy and Stewart",Retail,South,contact500@example.com,Corporate
501,"Alexander, Smith and Brown",Services,South,contact501@example.com,Corporate
502,Cruz-Ross,Wholesale,North,contact502@example.com,Corporate
503,Kelsey Smith,Wholesale,East,contact503@example.com,Individual
504,Erika Chan,Wholesale,South,contact504@example.com,Individual
505,"Brown, Bailey and Randolph",Wholesale,West,contact505@example.com,Small Business
506,Williams Group,Wholesale,East,contact506@example.com,Small Business
507,"Wood, Anderson and Spencer",Services,West,contact507@example.com,Corporate
508,Robin Miller,Services,West,contact508@example.com,Individual
509,Gonzalez-Moore,Services,East,contact509@example.com,Corporate
510,Stephanie Cross,Retail,East,contact510@example.com,Individual
511,West-Vasquez,Retail,North,contact511@example.com,Corporate
512,Lisa Grimes,Services,West,contact512@example.com,Individual
513,Collier-Ortega,Retail,South,contact513@example.com,Corporate
514,Thompson LLC,Services,East,contact514@example.com,Small Business
515,Harris-Ibarra,Retail,North,contact515@example.com,Small Business
516,"Floyd, Armstrong and Butler",Retail,North,contact516@example.com,Small Business
517,Kaufman Ltd,Retail,West,contact517@example.com,Small Business
518,"Rush, Rodriguez and Rich",Wholesale,West,contact518@example.com,Small Business
519,Jordan White,Wholesale,East,contact519@example.com,Individual
520,Eileen Morgan,Wholesale,South,contact520@example.com,Individual
521,Justin Bryant,Retail,East,contact521@example.com,Individual
522,Lopez and Sons,Services,North,contact522@example.com,Small Business
523,Jamie Hicks,Retail,South,contact523@example.com,Individual
524,Dixon LLC,Retail,West,contact524@example.com,Small Business
525,Robert West,Retail,North,contact525@example.com,Individual
526,White-Roth,Services,West,contact526@example.com,Corporate
527,Matthew Allen,Services,North,contact527@example.com,Individual
528,Heidi Phillips,Retail,West,contact528@example.com,Individual
529,"Reed, Thompson and Jenkins",Services,South,contact529@example.com,Small Business
530,"Brown, Livingston and Sanford",Services,West,contact530@example.com,Corporate
531,Whitehead-Miller,Services,North,contact531@example.com,Small Business
532,Carter LLC,Wholesale,West,contact532@example.com,Corporate
533,Emily Cummings MD,Wholesale,North,contact533@example.com,Individual
534,Gabrielle Garrison,Retail,South,contact534@example.com,Individual
535,Natalie Meyer,Retail,East,contact535@example.com,Individual
536,"Morrison, Brown and Hughes",Wholesale,North,contact536@example.com,Corporate
537,Gould-Weeks,Wholesale,North,contact537@example.com,Small Business
538,Lawson Inc,Services,East,contact538@example.com,Small Business
539,Duncan-Garcia,Wholesale,East,contact539@example.com,Corporate
540,"Hernandez, Morris and Gill",Retail,West,contact540@example.com,Small Business
541,Harrison LLC,Retail,North,contact541@example.com,Corporate
542,"Dickson, Clark and Taylor",Wholesale,West,contact542@example.com,Small Business
543,Ryan Jones,Services,West,contact543@example.com,Individual
544,Teresa Rocha,Wholesale,North,contact544@example.com,Individual
545,Clark PLC,Services,East,contact545@example.com,Small Business
546,Ward Inc,Retail,North,contact546@example.com,Corporate
547,Baker Inc,Retail,East,contact547@example.com,Small Business
548,Herrera-Wood,Services,West,contact548@example.com,Corporate
549,"Little, Reese and Woods",Retail,North,contact549@example.com,Corporate
550,Emma Lamb,Retail,West,contact550@example.com,Individual
551,Hicks and Sons,Wholesale,North,contact551@example.com,Small Business
552,"Bailey, Fox and Moore",Services,East,contact552@example.com,Small Business
553,Hurley-Scott,Retail,West,contact553@example.com,Small Business
554,Rivas-Stark,Services,West,contact554@example.com,Small Business
555,Jonathan Garcia,Wholesale,East,contact555@example.com,Individual
556,Keller PLC,Retail,South,contact556@example.com,Small Business
557,Norris PLC,Wholesale,South,contact557@example.com,Corporate
558,Stephen Fowler,Wholesale,East,contact558@example.com,Individual
559,Powers Ltd,Services,West,contact559@example.com,Corporate
560,Jeremy Blake,Wholesale,East,contact560@example.com,Individual
561,"Aguirre, Gross and Weiss",Wholesale,West,contact561@example.com,Small Business
562,Perez-Bowman,Wholesale,East,contact562@example.com,Small Business
563,Goodman Group,Services,West,contact563@example.com,Corporate
564,Angela Horne,Wholesale,East,contact564@example.com,Individual
565,"Gonzalez, Washington and Shaw",Services,South,contact565@example.com,Small Business
566,Allen LLC,Services,East,contact566@example.com,Small Business
567,James Guzman,Services,East,contact567@example.com,Individual
568,Gomez and Sons,Services,South,contact568@example.com,Corporate
569,Rhonda Brown,Wholesale,West,contact569@example.com,Individual
570,Christopher Smith,Retail,East,contact570@example.com,Individual
571,Lewis Group,Retail,West,contact571@example.com,Corporate
572,"Brown, Padilla and Ingram",Services,North,contact572@example.com,Corporate
573,Samantha Phelps,Services,East,contact573@example.com,Individual
574,"Zimmerman, Alvarez and King",Wholesale,North,contact574@example.com,Corporate
575,"Woodward, Werner and Perry",Retail,West,contact575@example.com,Corporate
576,White PLC,Wholesale,East,contact576@example.com,Small Business
577,Stephens Inc,Services,North,contact577@example.com,Corporate
578,Brown PLC,Retail,West,contact578@example.com,Small Business
579,Hawkins-Dickerson,Wholesale,West,contact579@example.com,Small Business
580,Angela Williams,Wholesale,East,contact580@example.com,Individual
581,Massey PLC,Retail,North,contact581@example.com,Small Business
582,"Jennings, Scott and Hernandez",Services,East,contact582@example.com,Corporate
583,Rivera-Shelton,Services,West,contact583@example.com,Small Business
584,"Webb, Ward and Fletcher",Wholesale,South,contact584@example.com,Corporate
585,Maria Campos,Services,East,contact585@example.com,Individual
586,"Pearson, Rodriguez and Lopez",Wholesale,North,contact586@example.com,Corporate
587,Wells PLC,Retail,North,contact587@example.com,Corporate
588,Jacobs and Sons,Wholesale,South,contact588@example.com,Small Business
589,Horton-Shaffer,Services,South,contact589@example.com,Small Business
590,"Weiss, Wright and Saunders",Wholesale,West,contact590@example.com,Small Business
591,Caroline Harris,Retail,East,contact591@example.com,Individual
592,Jones-Wilson,Wholesale,East,contact592@example.com,Small Business
593,Monica Thornton,Wholesale,East,contact593@example.com,Individual
594,Farrell-Campbell,Wholesale,North,contact594@example.com,Corporate
595,Avila Group,Retail,East,contact595@example.com,Corporate
596,West-Hernandez,Services,West,contact596@example.com,Small Business
597,"Kent, Lopez and Palmer",Services,South,contact597@example.com,Small Business
598,Green-Lopez,Retail,South,contact598@example.com,Corporate
599,Mcdonald-Henderson,Wholesale,West,contact599@example.com,Small Business
600,Daniel Baker MD,Services,West,contact600@example.com,Individual
601,"Baker, Sheppard and Hood",Retail,South,contact601@example.com,Small Business
602,Hill-Brown,Wholesale,East,contact602@example.com,Small Business
603,Price PLC,Retail,East,contact603@example.com,Corporate
604,"Oconnell, Dean and Kennedy",Services,East,contact604@example.com,Small Business
605,"Carter, Hoffman and White",Retail,East,contact605@example.com,Corporate
606,"Garcia, Lewis and Davidson",Wholesale,North,contact606@example.com,Corporate
607,Shannon Miller,Wholesale,North,contact607@example.com,Individual
608,Amanda Rivera,Retail,North,contact608@example.com,Individual
609,"Mccormick, Le and Wilson",Retail,East,contact609@example.com,Corporate
610,Glover PLC,Services,North,contact610@example.com,Small Business
611,Clark PLC,Retail,West,contact611@example.com,Small Business
612,Hughes-Fletcher,Retail,South,contact612@example.com,Small Business
613,Audrey Rogers,Services,East,contact613@example.com,Individual
614,Grant-Palmer,Services,East,contact614@example.com,Small Business
615,"Cole, Taylor and Washington",Wholesale,West,contact615@example.com,Corporate
616,Stevens LLC,Retail,West,contact616@example.com,Corporate
617,Robert Jennings,Retail,East,contact617@example.com,Individual
618,"Hunter, Mcintyre and Ramos",Services,West,contact618@example.com,Small Business
619,"Harris, Bell and Vazquez",Services,West,contact619@example.com,Corporate
620,"Castro, Quinn and Schmidt",Wholesale,East,contact620@example.com,Corporate
621,Pamela Schultz,Services,West,contact621@example.com,Individual
622,Boyd-Sanchez,Wholesale,West,contact622@example.com,Corporate
623,Jason Owen,Services,West,contact623@example.com,Individual
624,"Anderson, Campbell and Powell",Retail,East,contact624@example.com,Small Business
625,"Dixon, Coleman and Mathis",Services,East,contact625@example.com,Corporate
626,Justin Espinoza,Wholesale,South,contact626@example.com,Individual
627,Baird-Hall,Wholesale,East,contact627@example.com,Small Business
628,Carr PLC,Retail,South,contact628@example.com,Corporate
629,Brandi Fernandez,Retail,West,contact629@example.com,Individual
630,Khan-Martin,Retail,West,contact630@example.com,Corporate
631,"Porter, Thompson and Lozano",Services,East,contact631@example.com,Small Business
632,"Gaines, Gilbert and Wilkinson",Wholesale,North,contact632@example.com,Corporate
633,"Smith, Russell and Cooper",Wholesale,East,contact633@example.com,Corporate
634,"Cruz, Barber and Sanford",Retail,North,contact634@example.com,Small Business
635,Barnes-Grant,Retail,South,contact635@example.com,Corporate
636,Hunter Ltd,Wholesale,North,contact636@example.com,Small Business
637,Wilkinson-White,Wholesale,East,contact637@example.com,Corporate
638,Patrick George,Retail,West,contact638@example.com,Individual
639,"Ford, Wall and Espinoza",Wholesale,North,contact639@example.com,Corporate
640,"Garcia, Ford and Baldwin",Retail,West,contact640@example.com,Small Business
641,Cameron Ellis,Retail,East,contact641@example.com,Individual
642,"Woodard, Murphy and Galvan",Wholesale,North,contact642@example.com,Small Business
643,Davis-Maxwell,Retail,North,contact643@example.com,Corporate
644,Valencia-Mccarthy,Services,North,contact644@example.com,Small Business
645,Lee and Sons,Wholesale,North,contact645@example.com,Small Business
646,John Bowman,Retail,East,contact646@example.com,Individual
647,"Robinson, Mcdonald and Stevens",Retail,East,contact647@example.com,Corporate
648,"Savage, Flynn and Hodge",Retail,North,contact648@example.com,Corporate
649,Rebecca Howard,Services,West,contact649@example.com,Individual
650,Bennett and Sons,Services,South,contact650@example.com,Corporate
651,Archer PLC,Wholesale,North,contact651@example.com,Corporate
652,Mendez-Fields,Services,West,contact652@example.com,Corporate
653,"Williams, Carter and Ingram",Wholesale,South,contact653@example.com,Corporate
654,Stevens-Shepherd,Retail,North,contact654@example.com,Small Business
655,Houston Inc,Wholesale,South,contact655@example.com,Small Business
656,Smith-Rodriguez,Retail,North,contact656@example.com,Small Business
657,Joshua Wilson,Retail,East,contact657@example.com,Individual
658,Rebecca Day,Wholesale,East,contact658@example.com,Individual
659,Graham-Allen,Retail,South,contact659@example.com,Small Business
660,Michael Clayton,Wholesale,South,contact660@example.com,Individual
661,Ward and Sons,Retail,East,contact661@example.com,Corporate
662,"Whitaker, Crawford and Wagner",Services,North,contact662@example.com,Small Business
663,Gilmore-Robertson,Wholesale,East,contact663@example.com,Small Business
664,Williams LLC,Retail,South,contact664@example.com,Small Business
665,Hubbard-Jackson,Wholesale,North,contact665@example.com,Small Business
666,"Nixon, Hurst and Horn",Services,East,contact666@example.com,Small Business
667,Carter Group,Retail,North,contact667@example.com,Small Business
668,"Mitchell, Gonzales and Lee",Retail,East,contact668@example.com,Corporate
669,Patrick Hill,Wholesale,East,contact669@example.com,Individual
670,Singh Inc,Services,West,contact670@example.com,Corporate
671,Jones Ltd,Retail,East,contact671@example.com,Small Business
672,Lowe-Scott,Wholesale,North,contact672@example.com,Corporate
673,Hall Inc,Services,East,contact673@example.com,Small Business
674,Carlos Hess,Wholesale,East,contact674@example.com,Individual
675,Ho LLC,Retail,North,contact675@example.com,Small Business
676,Christopher Gutierrez,Wholesale,East,contact676@example.com,Individual
677,Kathryn Dunlap,Services,East,contact677@example.com,Individual
678,"Rosales, Rice and Ford",Services,South,contact678@example.com,Corporate
679,Castillo-Smith,Wholesale,South,contact679@example.com,Corporate
680,Wolfe-Kelly,Wholesale,West,contact680@example.com,Corporate
681,Long-Johnson,Wholesale,East,contact681@example.com,Corporate
682,"Gray, Whitaker and Durham",Wholesale,West,contact682@example.com,Corporate
683,"Schmidt, Hoover and Herrera",Retail,West,contact683@example.com,Corporate
684,Johnathan Thomas,Wholesale,South,contact684@example.com,Individual
685,"Washington, Gibbs and Smith",Services,North,contact685@example.com,Corporate
686,"Rivera, Rowe and Garcia",Wholesale,North,contact686@example.com,Small Business
687,Ramos and Sons,Retail,East,contact687@example.com,Corporate
688,Kelly-Young,Retail,West,contact688@example.com,Small Business
689,"Gutierrez, Smith and Logan",Wholesale,West,contact689@example.com,Corporate
690,"Ross, Gonzalez and Smith",Wholesale,West,contact690@example.com,Small Business
691,Taylor King,Retail,South,contact691@example.com,Individual
692,Wagner-Savage,Retail,West,contact692@example.com,Corporate
693,Amber Winters,Wholesale,East,contact693@example.com,Individual
694,Massey and Sons,Retail,North,contact694@example.com,Corporate
695,Sarah Bates,Services,North,contact695@example.com,Individual
696,Lauren Holland,Retail,West,contact696@example.com,Individual
697,Crawford LLC,Retail,North,contact697@example.com,Small Business
698,"Johnson, Morrison and Silva",Retail,West,contact698@example.com,Corporate
699,Carly Holder,Retail,West,contact699@example.com,Individual
700,"Howard, Miller and Smith",Retail,West,contact700@example.com,Corporate
701,Lozano-Booth,Retail,North,contact701@example.com,Small Business
702,Andrew Cunningham,Services,West,contact702@example.com,Individual
703,Bray-Smith,Services,West,contact703@example.com,Small Business
704,Joan Powell,Wholesale,East,contact704@example.com,Individual
705,"Williams, Phelps and Phelps",Services,West,contact705@example.com,Small Business
706,Douglas Davis,Wholesale,East,contact706@example.com,Individual
707,Erin Dodson,Retail,South,contact707@example.com,Individual
708,Klein-Berry,Retail,East,contact708@example.com,Small Business
709,Moses-Flores,Services,West,contact709@example.com,Corporate
710,"Mills, Haley and Rios",Retail,North,contact710@example.com,Small Business
711,"Wilson, Williams and Lee",Wholesale,East,contact711@example.com,Small Business
712,"Acevedo, Jarvis and Maynard",Retail,West,contact712@example.com,Small Business
713,Sherman-Anderson,Wholesale,East,contact713@example.com,Corporate
714,Sheri Mueller,Services,West,contact714@example.com,Individual
715,Tucker-Smith,Wholesale,East,contact715@example.com,Small Business
716,"Vaughan, Greer and Franklin",Wholesale,South,contact716@example.com,Corporate
717,Bradley-Brown,Retail,West,contact717@example.com,Small Business
718,Mark Miranda,Services,West,contact718@example.com,Individual
719,Reed Inc,Wholesale,East,contact719@example.com,Corporate
720,Robert Graham,Services,East,contact720@example.com,Individual
721,Mclaughlin Inc,Services,North,contact721@example.com,Corporate
722,Kevin Johnson,Services,North,contact722@example.com,Individual
723,"Hicks, Taylor and Greer",Wholesale,North,contact723@example.com,Small Business
724,Deborah Tran,Retail,West,contact724@example.com,Individual
725,Chapman and Sons,Services,East,contact725@example.com,Corporate
726,Danny Jenkins,Services,West,contact726@example.com,Individual
727,Kennedy-Arnold,Services,North,contact727@example.com,Small Business
728,Davis-Smith,Retail,East,contact728@example.com,Corporate
729,"Mitchell, Smith and Gonzalez",Services,North,contact729@example.com,Small Business
730,Timothy Brown,Retail,South,contact730@example.com,Individual
731,Chad Aguilar,Wholesale,East,contact731@example.com,Individual
732,Ashley Simon,Services,South,contact732@example.com,Individual
733,Mendoza Group,Retail,South,contact733@example.com,Corporate
734,Catherine Anderson,Retail,North,contact734@example.com,Individual
735,Theresa Maynard,Services,North,contact735@example.com,Individual
736,Cox and Sons,Retail,West,contact736@example.com,Corporate
737,"Riggs, Myers and Lamb",Retail,West,contact737@example.com,Small Business
738,Wells Inc,Services,East,contact738@example.com,Corporate
739,"Knight, Phillips and Rodriguez",Retail,South,contact739@example.com,Small Business
740,Valdez-Williams,Services,North,contact740@example.com,Small Business
741,"Scott, Moon and Rowe",Services,West,contact741@example.com,Corporate
742,"Neal, Wright and Sullivan",Wholesale,North,contact742@example.com,Corporate
743,Henry Ltd,Retail,South,contact743@example.com,Small Business
744,Jason Juarez,Wholesale,West,contact744@example.com,Individual
745,Jasmine Taylor,Services,South,contact745@example.com,Individual
746,"Miller, Powers and Mckay",Wholesale,East,contact746@example.com,Small Business
747,Anderson PLC,Services,East,contact747@example.com,Small Business
748,"Garner, Jenkins and Hill",Retail,South,contact748@example.com,Corporate
749,Edward Brown,Wholesale,South,contact749@example.com,Individual
750,Bauer-Brown,Wholesale,West,contact750@example.com,Corporate
751,Jacob Caldwell,Wholesale,South,contact751@example.com,Individual
752,Benjamin Vaughn,Services,East,contact752@example.com,Individual
753,Leah Simpson,Wholesale,South,contact753@example.com,Individual
754,Stephanie Anderson,Services,West,contact754@example.com,Individual
755,"Johnson, Williams and King",Services,East,contact755@example.com,Small Business
756,Kelly Gutierrez,Wholesale,North,contact756@example.com,Individual
757,"Perez, Hester and Ferguson",Wholesale,West,contact757@example.com,Corporate
758,David Castro,Wholesale,West,contact758@example.com,Individual
759,Laura Kerr,Retail,North,contact759@example.com,Individual
760,Raymond Green,Wholesale,South,contact760@example.com,Individual
761,"Johnson, Allen and Rangel",Retail,South,contact761@example.com,Small Business
762,Figueroa LLC,Retail,South,contact762@example.com,Small Business
763,Hardy LLC,Retail,West,contact763@example.com,Small Business
764,"Sanders, Wright and Villegas",Retail,North,contact764@example.com,Corporate
765,Tiffany Carter,Wholesale,West,contact765@example.com,Individual
766,James Chavez,Wholesale,North,contact766@example.com,Individual
767,Ashley Group,Wholesale,East,contact767@example.com,Small Business
768,Green Group,Services,West,contact768@example.com,Small Business
769,Lynch Inc,Retail,West,contact769@example.com,Corporate
770,Miller-Perry,Retail,South,contact770@example.com,Small Business
771,Evelyn Hall,Retail,East,contact771@example.com,Individual
772,Mary Gonzales,Retail,East,contact772@example.com,Individual
773,Paul Watson,Services,West,contact773@example.com,Individual
774,"Dawson, Williams and Smith",Retail,West,contact774@example.com,Small Business
775,"Franklin, Williams and Sullivan",Retail,South,contact775@example.com,Small Business
776,Lopez and Sons,Retail,East,contact776@example.com,Corporate
777,"Gordon, Kline and Nielsen",Services,East,contact777@example.com,Small Business
778,"Wilson, Carr and Price",Retail,South,contact778@example.com,Corporate
779,Laura Brown,Retail,South,contact779@example.com,Individual
780,Davis-Lee,Services,North,contact780@example.com,Corporate
781,Matthew Carey,Wholesale,West,contact781@example.com,Individual
782,Christopher Howard,Services,North,contact782@example.com,Individual
783,"Russell, Wilkins and Bell",Retail,East,contact783@example.com,Small Business
784,"Hart, Davis and Collins",Wholesale,East,contact784@example.com,Corporate
785,"Ward, Evans and Wilson",Wholesale,West,contact785@example.com,Small Business
786,"Wood, Carter and Woods",Retail,West,contact786@example.com,Corporate
787,Johnson-Shelton,Services,West,contact787@example.com,Small Business
788,Robinson Inc,Retail,South,contact788@example.com,Small Business
789,White-Liu,Wholesale,North,contact789@example.com,Corporate
790,Amanda Carr,Retail,West,contact790@example.com,Individual
791,"Gregory, Brown and Bartlett",Services,East,contact791@example.com,Small Business
792,David Church,Wholesale,West,contact792@example.com,Individual
793,Blanchard-Bishop,Retail,North,contact793@example.com,Corporate
794,Potts PLC,Wholesale,East,contact794@example.com,Small Business
795,"Fitzpatrick, Rogers and Jackson",Retail,East,contact795@example.com,Small Business
796,"Black, Smith and Harris",Retail,West,contact796@example.com,Small Business
797,Scott Walls PhD,Retail,East,contact797@example.com,Individual
798,Lee-Thompson,Retail,North,contact798@example.com,Small Business
799,Shawn Bryant,Wholesale,South,contact799@example.com,Individual
800,Cisneros-Lopez,Wholesale,West,contact800@example.com,Corporate
801,Joan Richardson,Services,North,contact801@example.com,Individual
802,"Smith, Simpson and Daniels",Retail,South,contact802@example.com,Corporate
803,Williams Ltd,Retail,North,contact803@example.com,Small Business
804,Stephen Smith,Services,West,contact804@example.com,Individual
805,Robin Daniels,Retail,East,contact805@example.com,Individual
806,"Stephens, Massey and Shaw",Wholesale,South,contact806@example.com,Small Business
807,Melissa Boone,Services,West,contact807@example.com,Individual
808,Schmidt Ltd,Retail,West,contact808@example.com,Corporate
809,Brandon Foley,Services,North,contact809@example.com,Individual
810,Washington and Sons,Retail,North,contact810@example.com,Corporate
811,"Harrison, Molina and Fritz",Retail,West,contact811@example.com,Corporate
812,"Phillips, Montoya and Green",Services,South,contact812@example.com,Corporate
813,Vazquez PLC,Wholesale,South,contact813@example.com,Small Business
814,Thompson-Barnes,Services,East,contact814@example.com,Small Business
815,Heather Melendez,Services,South,contact815@example.com,Individual
816,Mary Chan,Services,West,contact816@example.com,Individual
817,Michael Cortez,Wholesale,South,contact817@example.com,Individual
818,Flores Group,Retail,East,contact818@example.com,Corporate
819,Timothy Sanchez II,Retail,East,contact819@example.com,Individual
820,Hailey Cunningham,Services,North,contact820@example.com,Individual
821,"Flynn, Garcia and Parker",Retail,East,contact821@example.com,Small Business
822,Robles-Webb,Services,East,contact822@example.com,Corporate
823,Hudson Ltd,Wholesale,East,contact823@example.com,Small Business
824,Cantu Group,Retail,South,contact824@example.com,Small Business
825,Garza PLC,Wholesale,West,contact825@example.com,Small Business
826,Mcgee-Wolf,Services,East,contact826@example.com,Corporate
827,Arnold Group,Wholesale,West,contact827@example.com,Small Business
828,Melissa Brown,Wholesale,East,contact828@example.com,Individual
829,Conley-Dillon,Services,South,contact829@example.com,Corporate
830,Cooper Inc,Retail,South,contact830@example.com,Small Business
831,George Contreras,Retail,South,contact831@example.com,Individual
832,Rush Group,Retail,South,contact832@example.com,Corporate
833,Frazier Group,Wholesale,West,contact833@example.com,Corporate
834,Joshua King,Services,North,contact834@example.com,Individual
835,Hanson-Smith,Wholesale,South,contact835@example.com,Small Business
836,Wong-Glass,Retail,West,contact836@example.com,Corporate
837,Baker LLC,Retail,South,contact837@example.com,Corporate
838,Willis-Miller,Services,North,contact838@example.com,Corporate
839,Fisher LLC,Services,North,contact839@example.com,Corporate
840,Crystal Turner,Wholesale,North,contact840@example.com,Individual
841,Linda Hunt,Wholesale,West,contact841@example.com,Individual
842,Buchanan-Hayes,Wholesale,West,contact842@example.com,Small Business
843,Gonzalez-Garcia,Services,East,contact843@example.com,Corporate
844,Morgan Gibbs,Wholesale,South,contact844@example.com,Individual
845,Weiss-Anderson,Wholesale,North,contact845@example.com,Small Business
846,"Walker, Sullivan and Patterson",Retail,West,contact846@example.com,Corporate
847,"Peterson, Tyler and Vaughn",Services,East,contact847@example.com,Small Business
848,Jackson and Sons,Retail,North,contact848@example.com,Small Business
849,"Allen, Russo and Chen",Services,East,contact849@example.com,Small Business
850,Kristin Miller,Wholesale,South,contact850@example.com,Individual
851,Michael Arroyo,Services,South,contact851@example.com,Individual
852,Michael Taylor,Wholesale,North,contact852@example.com,Individual
853,Colon-Dominguez,Wholesale,West,contact853@example.com,Corporate
854,Gonzalez and Sons,Retail,East,contact854@example.com,Small Business
855,"Wilson, Johnson and Cook",Wholesale,West,contact855@example.com,Small Business
856,Lisa Schwartz,Services,South,contact856@example.com,Individual
857,Thompson-Murphy,Wholesale,East,contact857@example.com,Corporate
858,Evans-Thompson,Wholesale,South,contact858@example.com,Corporate
859,Rose Singh,Wholesale,North,contact859@example.com,Individual
860,Todd-Cruz,Retail,South,contact860@example.com,Corporate
861,Tracy Williams,Wholesale,North,contact861@example.com,Individual
862,Smith LLC,Retail,North,contact862@example.com,Corporate
863,Smith and Sons,Wholesale,East,contact863@example.com,Small Business
864,"West, Hanson and Goodman",Wholesale,North,contact864@example.com,Small Business
865,Hale Ltd,Services,North,contact865@example.com,Corporate
866,"Cox, Daniel and Shaw",Wholesale,East,contact866@example.com,Corporate
867,Jeffrey Alvarez,Services,West,contact867@example.com,Individual
868,Cassandra Parker,Wholesale,South,contact868@example.com,Individual
869,"Clark, Cook and Wilcox",Wholesale,West,contact869@example.com,Small Business
870,Danielle Stewart,Wholesale,South,contact870@example.com,Individual
871,"Gonzalez, Murphy and Martinez",Services,North,contact871@example.com,Small Business
872,Horn-Mitchell,Wholesale,North,contact872@example.com,Corporate
873,Michael Curtis,Wholesale,North,contact873@example.com,Individual
874,Deborah Garza,Wholesale,North,contact874@example.com,Individual
875,Howard-Malone,Wholesale,North,contact875@example.com,Corporate
876,Donald Montoya,Services,East,contact876@example.com,Individual
877,Troy Hart,Retail,South,contact877@example.com,Individual
878,Mallory Adams,Wholesale,West,contact878@example.com,Individual
879,Gardner-Dodson,Retail,South,contact879@example.com,Small Business
880,Cochran and Sons,Wholesale,South,contact880@example.com,Corporate
881,Michael Jones,Services,East,contact881@example.com,Individual
882,"Edwards, Hines and Fox",Services,South,contact882@example.com,Small Business
883,Lyons LLC,Retail,South,contact883@example.com,Corporate
884,Brennan-Anderson,Retail,East,contact884@example.com,Corporate
885,Alexandra Moore,Retail,North,contact885@example.com,Individual
886,Stephen Boyd,Retail,West,contact886@example.com,Individual
887,Miranda Waters,Wholesale,West,contact887@example.com,Individual
888,Dominguez Inc,Services,West,contact888@example.com,Small Business
889,"Mcbride, Rodriguez and Johnson",Wholesale,South,contact889@example.com,Small Business
890,Travis Carr,Wholesale,North,contact890@example.com,Individual
891,"Robinson, Gilbert and Keller",Services,South,contact891@example.com,Small Business
892,"Hall, Morales and Reed",Wholesale,South,contact892@example.com,Corporate
893,Rebecca Harris,Retail,East,contact893@example.com,Individual
894,Brown Inc,Services,South,contact894@example.com,Small Business
895,Moran-George,Retail,North,contact895@example.com,Small Business
896,Lucas Inc,Services,North,contact896@example.com,Corporate
897,"Warren, Cooley and Lewis",Wholesale,North,contact897@example.com,Small Business
898,Johnson-Horton,Retail,South,contact898@example.com,Small Business
899,Robert Mueller,Retail,West,contact899@example.com,Individual
900,"Carter, Chaney and Waters",Services,North,contact900@example.com,Small Business
901,Russell Inc,Services,North,contact901@example.com,Corporate
902,"Jenkins, Poole and Castillo",Wholesale,North,contact902@example.com,Corporate
903,Denise Oliver,Wholesale,North,contact903@example.com,Individual
904,Herrera-Odonnell,Wholesale,North,contact904@example.com,Corporate
905,Ruben Lewis,Services,South,contact905@example.com,Individual
906,"Campos, Rowe and Manning",Retail,East,contact906@example.com,Small Business
907,Woodard-Banks,Wholesale,South,contact907@example.com,Corporate
908,Melendez Ltd,Retail,West,contact908@example.com,Small Business
909,Turner-Fields,Wholesale,South,contact909@example.com,Small Business
910,Roth and Sons,Retail,East,contact910@example.com,Corporate
911,"Wilson, Jacobson and Hudson",Wholesale,East,contact911@example.com,Small Business
912,Roth Group,Retail,South,contact912@example.com,Corporate
913,Robert Wright,Services,South,contact913@example.com,Individual
914,Caleb Parks,Wholesale,West,contact914@example.com,Individual
915,Jose Williams,Retail,South,contact915@example.com,Individual
916,"Hunt, George and Munoz",Services,North,contact916@example.com,Small Business
917,Miss Michelle Castillo DVM,Retail,East,contact917@example.com,Individual
918,Ortiz Ltd,Services,North,contact918@example.com,Small Business
919,Smith-Hebert,Wholesale,West,contact919@example.com,Small Business
920,Wheeler Inc,Retail,South,contact920@example.com,Corporate
921,"Berry, Anderson and Mitchell",Retail,North,contact921@example.com,Small Business
922,"Campbell, Rodriguez and Powers",Services,North,contact922@example.com,Small Business
923,"Rivers, Schultz and Hernandez",Retail,West,contact923@example.com,Small Business
924,Christopher Bryant,Retail,East,contact924@example.com,Individual
925,Cortez PLC,Wholesale,West,contact925@example.com,Small Business
926,"Thornton, Solomon and Johnson",Retail,North,contact926@example.com,Corporate
927,Nguyen-Lynch,Services,East,contact927@example.com,Small Business
928,"Weiss, Steele and Poole",Wholesale,South,contact928@example.com,Small Business
929,"Kelley, Rhodes and Meyers",Wholesale,West,contact929@example.com,Small Business
930,"Ho, Mccormick and Boyd",Services,South,contact930@example.com,Corporate
931,Jackson and Sons,Wholesale,North,contact931@example.com,Corporate
932,Aaron Massey,Wholesale,West,contact932@example.com,Individual
933,Susan Delgado,Retail,West,contact933@example.com,Individual
934,"Parks, Moss and Williams",Wholesale,North,contact934@example.com,Corporate
935,Edwards PLC,Retail,West,contact935@example.com,Corporate
936,Turner LLC,Wholesale,South,contact936@example.com,Corporate
937,"Moore, Davis and Paul",Retail,East,contact937@example.com,Small Business
938,Emily Barker,Wholesale,North,contact938@example.com,Individual
939,Garcia Inc,Wholesale,North,contact939@example.com,Small Business
940,Nathan Russell,Services,East,contact940@example.com,Individual
941,Jennifer Sutton,Retail,West,contact941@example.com,Individual
942,"Keller, Smith and Fischer",Retail,West,contact942@example.com,Corporate
943,Jennifer Cox,Retail,West,contact943@example.com,Individual
944,Wilson PLC,Wholesale,North,contact944@example.com,Small Business
945,Lewis Group,Retail,South,contact945@example.com,Small Business
946,Jackson-Pineda,Retail,South,contact946@example.com,Small Business
947,"Walter, Thomas and Acosta",Wholesale,North,contact947@example.com,Corporate
948,Herring Inc,Wholesale,North,contact948@example.com,Small Business
949,Murray-Reynolds,Services,North,contact949@example.com,Corporate
950,Dennis Mcdaniel,Wholesale,West,contact950@example.com,Individual
951,Hinton-Price,Services,East,contact951@example.com,Corporate
952,Corey Lewis,Retail,West,contact952@example.com,Individual
953,"Hopkins, Calhoun and Miles",Retail,West,contact953@example.com,Small Business
954,Harris PLC,Retail,West,contact954@example.com,Small Business
955,Lacey Williams,Services,East,contact955@example.com,Individual
956,Clinton Martin,Retail,North,contact956@example.com,Individual
957,Chelsea Taylor,Retail,South,contact957@example.com,Individual
958,Kelly Miller,Wholesale,East,contact958@example.com,Individual
959,Osborne and Sons,Services,North,contact959@example.com,Corporate
960,"Bryant, Coleman and Meyer",Services,East,contact960@example.com,Small Business
961,Valenzuela Group,Services,East,contact961@example.com,Small Business
962,"Bauer, Velasquez and Miller",Services,South,contact962@example.com,Corporate
963,"Martin, Watkins and Huynh",Wholesale,North,contact963@example.com,Corporate
964,Jose Smith,Services,East,contact964@example.com,Individual
965,"Powell, Osborn and Blake",Retail,North,contact965@example.com,Corporate
966,"Bell, Reynolds and Walker",Retail,West,contact966@example.com,Small Business
967,"Cummings, Mays and Lopez",Wholesale,South,contact967@example.com,Corporate
968,Robert Cox,Services,West,contact968@example.com,Individual
969,Reynolds Inc,Wholesale,East,contact969@example.com,Small Business
970,Luke Hernandez,Wholesale,South,contact970@example.com,Individual
971,Sarah Booth,Retail,North,contact971@example.com,Individual
972,"Yates, Huber and Rush",Wholesale,East,contact972@example.com,Small Business
973,Hopkins-Miller,Wholesale,South,contact973@example.com,Small Business
974,Richard Neal,Services,West,contact974@example.com,Individual
975,Paul Mclaughlin,Wholesale,North,contact975@example.com,Individual
976,"Ward, Gibson and Stafford",Services,North,contact976@example.com,Small Business
977,Brown Inc,Wholesale,South,contact977@example.com,Small Business
978,Gregory Group,Wholesale,South,contact978@example.com,Small Business
979,Gay PLC,Wholesale,South,contact979@example.com,Corporate
980,"Moore, Anderson and Webb",Wholesale,East,contact980@example.com,Small Business
981,Michelle Lara,Services,North,contact981@example.com,Individual
982,"Martin, Gomez and Hall",Retail,North,contact982@example.com,Corporate
983,Ebony Lee,Wholesale,West,contact983@example.com,Individual
984,Snow-Salazar,Services,East,contact984@example.com,Corporate
985,"Smith, Lewis and Castaneda",Retail,East,contact985@example.com,Small Business
986,Montgomery-Ali,Services,East,contact986@example.com,Corporate
987,"Wu, Dawson and Green",Wholesale,East,contact987@example.com,Corporate
988,Mullen-Turner,Wholesale,East,contact988@example.com,Small Business
989,Wilson-Pierce,Retail,North,contact989@example.com,Small Business
990,Garrett Daniels,Retail,North,contact990@example.com,Individual
991,Hoffman PLC,Services,South,contact991@example.com,Corporate
992,Michael Johnson,Wholesale,North,contact992@example.com,Individual
993,Craig Weaver,Retail,East,contact993@example.com,Individual
994,Young-West,Services,East,contact994@example.com,Small Business
995,Gary Kelley,Services,South,contact995@example.com,Individual
996,Gutierrez PLC,Wholesale,West,contact996@example.com,Small Business
997,Watson-Moore,Services,West,contact997@example.com,Corporate
998,Henry Vargas,Services,East,contact998@example.com,Individual
999,"Saunders, Walker and Patton",Services,West,contact999@example.com,Small Business
1000,Albert Sandoval,Retail,East,contact1000@example.com,Individual
